00R 220101 a,01 a,0x220101,a,-1,256,,7E4
00R 220101 b,01 b,0x220101,b,-1,256,,7E4
00R 220101 c,01 c,0x220101,c,-1,256,,7E4
00R 220101 d,01 d,0x220101,d,-1,256,,7E4
00R 220101 e,01 e,0x220101,e,-1,256,,7E4
00R 220101 f,01 f,0x220101,f,-1,256,,7E4
00R 220101 g,01 g,0x220101,g,-1,256,,7E4
00R 220101 h,01 h,0x220101,h,-1,256,,7E4
00R 220101 i,01 i,0x220101,i,-1,256,,7E4
00R 220101 j,01 j,0x220101,j,-1,256,,7E4
00R 220101 k,01 k,0x220101,k,-1,256,,7E4
00R 220101 l,01 l,0x220101,l,-1,256,,7E4
00R 220101 m,01 m,0x220101,m,-1,256,,7E4
00R 220101 n,01 n,0x220101,n,-1,256,,7E4
00R 220101 o,01 o,0x220101,o,-1,256,,7E4
00R 220101 p,01 p,0x220101,p,-1,256,,7E4
00R 220101 q,01 q,0x220101,q,-1,256,,7E4
00R 220101 r,01 r,0x220101,r,-1,256,,7E4
00R 220101 s,01 s,0x220101,s,-1,256,,7E4
00R 220101 t,01 t,0x220101,t,-1,256,,7E4
00R 220101 u,01 u,0x220101,u,-1,256,,7E4
00R 220101 v,01 v,0x220101,v,-1,256,,7E4
00R 220101 w,01 w,0x220101,w,-1,256,,7E4
00R 220101 x,01 x,0x220101,x,-1,256,,7E4
00R 220101 y,01 y,0x220101,y,-1,256,,7E4
00R 220101 z,01 z,0x220101,z,-1,256,,7E4
00R 220101 aa,01 aa,0x220101,aa,-1,256,,7E4
00R 220101 ab,01 ab,0x220101,ab,-1,256,,7E4
00R 220101 ac,01 ac,0x220101,ac,-1,256,,7E4
00R 220101 ad,01 ad,0x220101,ad,-1,256,,7E4
00R 220101 ae,01 ae,0x220101,ae,-1,256,,7E4
00R 220101 af,01 af,0x220101,af,-1,256,,7E4
00R 220101 ag,01 ag,0x220101,ag,-1,256,,7E4
00R 220101 ah,01 ah,0x220101,ah,-1,256,,7E4
00R 220101 ai,01 ai,0x220101,ai,-1,256,,7E4
00R 220101 aj,01 aj,0x220101,aj,-1,256,,7E4
00R 220101 ak,01 ak,0x220101,ak,-1,256,,7E4
00R 220101 al,01 al,0x220101,al,-1,256,,7E4
00R 220101 am,01 am,0x220101,am,-1,256,,7E4
00R 220101 an,01 an,0x220101,an,-1,256,,7E4
00R 220101 ao,01 ao,0x220101,ao,-1,256,,7E4
00R 220101 ap,01 ap,0x220101,ap,-1,256,,7E4
00R 220101 aq,01 aq,0x220101,aq,-1,256,,7E4
00R 220101 ar,01 ar,0x220101,ar,-1,256,,7E4
00R 220101 as,01 as,0x220101,as,-1,256,,7E4
00R 220101 at,01 at,0x220101,at,-1,256,,7E4
00R 220101 au,01 au,0x220101,au,-1,256,,7E4
00R 220101 av,01 av,0x220101,av,-1,256,,7E4
00R 220101 aw,01 aw,0x220101,aw,-1,256,,7E4
00R 220101 ax,01 ax,0x220101,ax,-1,256,,7E4
00R 220101 ay,01 ay,0x220101,ay,-1,256,,7E4
00R 220101 az,01 az,0x220101,az,-1,256,,7E4
00R 220101 ba,01 ba,0x220101,ba,-1,256,,7E4
00R 220101 bb,01 bb,0x220101,bb,-1,256,,7E4
00R 220101 bc,01 bc,0x220101,bc,-1,256,,7E4
00R 220101 bd,01 bd,0x220101,bd,-1,256,,7E4
00R 220101 be,01 be,0x220101,be,-1,256,,7E4
00R 220101 bf,01 bf,0x220101,bf,-1,256,,7E4
00R 220101 bg,01 bg,0x220101,bg,-1,256,,7E4
00R 220102 a,02 a,0x220102,a,-1,256,,7E4
00R 220102 b,02 b,0x220102,b,-1,256,,7E4
00R 220102 c,02 c,0x220102,c,-1,256,,7E4
00R 220102 d,02 d,0x220102,d,-1,256,,7E4
00R 220102 e,02 e,0x220102,e,-1,256,,7E4
00R 220102 f,02 f,0x220102,f,-1,256,,7E4
00R 220102 g,02 g,0x220102,g,-1,256,,7E4
00R 220102 h,02 h,0x220102,h,-1,256,,7E4
00R 220102 i,02 i,0x220102,i,-1,256,,7E4
00R 220102 j,02 j,0x220102,j,-1,256,,7E4
00R 220102 k,02 k,0x220102,k,-1,256,,7E4
00R 220102 l,02 l,0x220102,l,-1,256,,7E4
00R 220102 m,02 m,0x220102,m,-1,256,,7E4
00R 220102 n,02 n,0x220102,n,-1,256,,7E4
00R 220102 o,02 o,0x220102,o,-1,256,,7E4
00R 220102 p,02 p,0x220102,p,-1,256,,7E4
00R 220102 q,02 q,0x220102,q,-1,256,,7E4
00R 220102 r,02 r,0x220102,r,-1,256,,7E4
00R 220102 s,02 s,0x220102,s,-1,256,,7E4
00R 220102 t,02 t,0x220102,t,-1,256,,7E4
00R 220102 u,02 u,0x220102,u,-1,256,,7E4
00R 220102 v,02 v,0x220102,v,-1,256,,7E4
00R 220102 w,02 w,0x220102,w,-1,256,,7E4
00R 220102 x,02 x,0x220102,x,-1,256,,7E4
00R 220102 y,02 y,0x220102,y,-1,256,,7E4
00R 220102 z,02 z,0x220102,z,-1,256,,7E4
00R 220102 aa,02 aa,0x220102,aa,-1,256,,7E4
00R 220102 ab,02 ab,0x220102,ab,-1,256,,7E4
00R 220102 ac,02 ac,0x220102,ac,-1,256,,7E4
00R 220102 ad,02 ad,0x220102,ad,-1,256,,7E4
00R 220102 ae,02 ae,0x220102,ae,-1,256,,7E4
00R 220102 af,02 af,0x220102,af,-1,256,,7E4
00R 220102 ag,02 ag,0x220102,ag,-1,256,,7E4
00R 220102 ah,02 ah,0x220102,ah,-1,256,,7E4
00R 220102 ai,02 ai,0x220102,ai,-1,256,,7E4
00R 220102 aj,02 aj,0x220102,aj,-1,256,,7E4
00R 220102 ak,02 ak,0x220102,ak,-1,256,,7E4
00R 220102 al,02 al,0x220102,al,-1,256,,7E4
00R 220103 a,03 a,0x220103,a,-1,256,,7E4
00R 220103 b,03 b,0x220103,b,-1,256,,7E4
00R 220103 c,03 c,0x220103,c,-1,256,,7E4
00R 220103 d,03 d,0x220103,d,-1,256,,7E4
00R 220103 e,03 e,0x220103,e,-1,256,,7E4
00R 220103 f,03 f,0x220103,f,-1,256,,7E4
00R 220103 g,03 g,0x220103,g,-1,256,,7E4
00R 220103 h,03 h,0x220103,h,-1,256,,7E4
00R 220103 i,03 i,0x220103,i,-1,256,,7E4
00R 220103 j,03 j,0x220103,j,-1,256,,7E4
00R 220103 k,03 k,0x220103,k,-1,256,,7E4
00R 220103 l,03 l,0x220103,l,-1,256,,7E4
00R 220103 m,03 m,0x220103,m,-1,256,,7E4
00R 220103 n,03 n,0x220103,n,-1,256,,7E4
00R 220103 o,03 o,0x220103,o,-1,256,,7E4
00R 220103 p,03 p,0x220103,p,-1,256,,7E4
00R 220103 q,03 q,0x220103,q,-1,256,,7E4
00R 220103 r,03 r,0x220103,r,-1,256,,7E4
00R 220103 s,03 s,0x220103,s,-1,256,,7E4
00R 220103 t,03 t,0x220103,t,-1,256,,7E4
00R 220103 u,03 u,0x220103,u,-1,256,,7E4
00R 220103 v,03 v,0x220103,v,-1,256,,7E4
00R 220103 w,03 w,0x220103,w,-1,256,,7E4
00R 220103 x,03 x,0x220103,x,-1,256,,7E4
00R 220103 y,03 y,0x220103,y,-1,256,,7E4
00R 220103 z,03 z,0x220103,z,-1,256,,7E4
00R 220103 aa,03 aa,0x220103,aa,-1,256,,7E4
00R 220103 ab,03 ab,0x220103,ab,-1,256,,7E4
00R 220103 ac,03 ac,0x220103,ac,-1,256,,7E4
00R 220103 ad,03 ad,0x220103,ad,-1,256,,7E4
00R 220103 ae,03 ae,0x220103,ae,-1,256,,7E4
00R 220103 af,03 af,0x220103,af,-1,256,,7E4
00R 220103 ag,03 ag,0x220103,ag,-1,256,,7E4
00R 220103 ah,03 ah,0x220103,ah,-1,256,,7E4
00R 220103 ai,03 ai,0x220103,ai,-1,256,,7E4
00R 220103 aj,03 aj,0x220103,aj,-1,256,,7E4
00R 220103 ak,03 ak,0x220103,ak,-1,256,,7E4
00R 220103 al,03 al,0x220103,al,-1,256,,7E4
00R 220104 a,04 a,0x220104,a,-1,256,,7E4
00R 220104 b,04 b,0x220104,b,-1,256,,7E4
00R 220104 c,04 c,0x220104,c,-1,256,,7E4
00R 220104 d,04 d,0x220104,d,-1,256,,7E4
00R 220104 e,04 e,0x220104,e,-1,256,,7E4
00R 220104 f,04 f,0x220104,f,-1,256,,7E4
00R 220104 g,04 g,0x220104,g,-1,256,,7E4
00R 220104 h,04 h,0x220104,h,-1,256,,7E4
00R 220104 i,04 i,0x220104,i,-1,256,,7E4
00R 220104 j,04 j,0x220104,j,-1,256,,7E4
00R 220104 k,04 k,0x220104,k,-1,256,,7E4
00R 220104 l,04 l,0x220104,l,-1,256,,7E4
00R 220104 m,04 m,0x220104,m,-1,256,,7E4
00R 220104 n,04 n,0x220104,n,-1,256,,7E4
00R 220104 o,04 o,0x220104,o,-1,256,,7E4
00R 220104 p,04 p,0x220104,p,-1,256,,7E4
00R 220104 q,04 q,0x220104,q,-1,256,,7E4
00R 220104 r,04 r,0x220104,r,-1,256,,7E4
00R 220104 s,04 s,0x220104,s,-1,256,,7E4
00R 220104 t,04 t,0x220104,t,-1,256,,7E4
00R 220104 u,04 u,0x220104,u,-1,256,,7E4
00R 220104 v,04 v,0x220104,v,-1,256,,7E4
00R 220104 w,04 w,0x220104,w,-1,256,,7E4
00R 220104 x,04 x,0x220104,x,-1,256,,7E4
00R 220104 y,04 y,0x220104,y,-1,256,,7E4
00R 220104 z,04 z,0x220104,z,-1,256,,7E4
00R 220104 aa,04 aa,0x220104,aa,-1,256,,7E4
00R 220104 ab,04 ab,0x220104,ab,-1,256,,7E4
00R 220104 ac,04 ac,0x220104,ac,-1,256,,7E4
00R 220104 ad,04 ad,0x220104,ad,-1,256,,7E4
00R 220104 ae,04 ae,0x220104,ae,-1,256,,7E4
00R 220104 af,04 af,0x220104,af,-1,256,,7E4
00R 220104 ag,04 ag,0x220104,ag,-1,256,,7E4
00R 220104 ah,04 ah,0x220104,ah,-1,256,,7E4
00R 220104 ai,04 ai,0x220104,ai,-1,256,,7E4
00R 220104 aj,04 aj,0x220104,aj,-1,256,,7E4
00R 220104 ak,04 ak,0x220104,ak,-1,256,,7E4
00R 220104 al,04 al,0x220104,al,-1,256,,7E4
00R 220105 a,05 a,0x220105,a,-1,256,,7E4
00R 220105 b,05 b,0x220105,b,-1,256,,7E4
00R 220105 c,05 c,0x220105,c,-1,256,,7E4
00R 220105 d,05 d,0x220105,d,-1,256,,7E4
00R 220105 e,05 e,0x220105,e,-1,256,,7E4
00R 220105 f,05 f,0x220105,f,-1,256,,7E4
00R 220105 g,05 g,0x220105,g,-1,256,,7E4
00R 220105 h,05 h,0x220105,h,-1,256,,7E4
00R 220105 i,05 i,0x220105,i,-1,256,,7E4
00R 220105 j,05 j,0x220105,j,-1,256,,7E4
00R 220105 k,05 k,0x220105,k,-1,256,,7E4
00R 220105 l,05 l,0x220105,l,-1,256,,7E4
00R 220105 m,05 m,0x220105,m,-1,256,,7E4
00R 220105 n,05 n,0x220105,n,-1,256,,7E4
00R 220105 o,05 o,0x220105,o,-1,256,,7E4
00R 220105 p,05 p,0x220105,p,-1,256,,7E4
00R 220105 q,05 q,0x220105,q,-1,256,,7E4
00R 220105 r,05 r,0x220105,r,-1,256,,7E4
00R 220105 s,05 s,0x220105,s,-1,256,,7E4
00R 220105 t,05 t,0x220105,t,-1,256,,7E4
00R 220105 u,05 u,0x220105,u,-1,256,,7E4
00R 220105 v,05 v,0x220105,v,-1,256,,7E4
00R 220105 w,05 w,0x220105,w,-1,256,,7E4
00R 220105 x,05 x,0x220105,x,-1,256,,7E4
00R 220105 y,05 y,0x220105,y,-1,256,,7E4
00R 220105 z,05 z,0x220105,z,-1,256,,7E4
00R 220105 aa,05 aa,0x220105,aa,-1,256,,7E4
00R 220105 ab,05 ab,0x220105,ab,-1,256,,7E4
00R 220105 ac,05 ac,0x220105,ac,-1,256,,7E4
00R 220105 ad,05 ad,0x220105,ad,-1,256,,7E4
00R 220105 ae,05 ae,0x220105,ae,-1,256,,7E4
00R 220105 af,05 af,0x220105,af,-1,256,,7E4
00R 220105 ag,05 ag,0x220105,ag,-1,256,,7E4
00R 220105 ah,05 ah,0x220105,ah,-1,256,,7E4
00R 220105 ai,05 ai,0x220105,ai,-1,256,,7E4
00R 220105 aj,05 aj,0x220105,aj,-1,256,,7E4
00R 220105 ak,05 ak,0x220105,ak,-1,256,,7E4
00R 220105 al,05 al,0x220105,al,-1,256,,7E4
00R 220105 am,05 am,0x220105,am,-1,256,,7E4
00R 220105 an,05 an,0x220105,an,-1,256,,7E4
00R 220105 ao,05 ao,0x220105,ao,-1,256,,7E4
00R 220105 ap,05 ap,0x220105,ap,-1,256,,7E4
00R 220105 aq,05 aq,0x220105,aq,-1,256,,7E4
00R 220105 ar,05 ar,0x220105,ar,-1,256,,7E4
00R 220105 as,05 as,0x220105,as,-1,256,,7E4
00R 220106 a,06 a,0x220106,a,-1,256,,7E4
00R 220106 b,06 b,0x220106,b,-1,256,,7E4
00R 220106 c,06 c,0x220106,c,-1,256,,7E4
00R 220106 d,06 d,0x220106,d,-1,256,,7E4
00R 220106 e,06 e,0x220106,e,-1,256,,7E4
00R 220106 f,06 f,0x220106,f,-1,256,,7E4
00R 220106 g,06 g,0x220106,g,-1,256,,7E4
00R 220106 h,06 h,0x220106,h,-1,256,,7E4
00R 220106 i,06 i,0x220106,i,-1,256,,7E4
00R 220106 j,06 j,0x220106,j,-1,256,,7E4
00R 220106 k,06 k,0x220106,k,-1,256,,7E4
00R 220106 l,06 l,0x220106,l,-1,256,,7E4
00R 220106 m,06 m,0x220106,m,-1,256,,7E4
00R 220106 n,06 n,0x220106,n,-1,256,,7E4
00R 220106 o,06 o,0x220106,o,-1,256,,7E4
00R 220106 p,06 p,0x220106,p,-1,256,,7E4
00R 220106 q,06 q,0x220106,q,-1,256,,7E4
00R 220106 r,06 r,0x220106,r,-1,256,,7E4
00R 220106 s,06 s,0x220106,s,-1,256,,7E4
00R 220106 t,06 t,0x220106,t,-1,256,,7E4
00R 220106 u,06 u,0x220106,u,-1,256,,7E4
00R 220106 v,06 v,0x220106,v,-1,256,,7E4
00R 220106 w,06 w,0x220106,w,-1,256,,7E4
00R 220106 x,06 x,0x220106,x,-1,256,,7E4
00R 220106 y,06 y,0x220106,y,-1,256,,7E4
00R 220106 z,06 z,0x220106,z,-1,256,,7E4
00R 220106 aa,06 aa,0x220106,aa,-1,256,,7E4
00R 220106 ab,06 ab,0x220106,ab,-1,256,,7E4
00R 220106 ac,06 ac,0x220106,ac,-1,256,,7E4
00R 220106 ad,06 ad,0x220106,ad,-1,256,,7E4
00R 220106 ae,06 ae,0x220106,ae,-1,256,,7E4
00R 220106 af,06 af,0x220106,af,-1,256,,7E4
00R 220106 ag,06 ag,0x220106,ag,-1,256,,7E4
00R 220106 ah,06 ah,0x220106,ah,-1,256,,7E4
00R 220106 ai,06 ai,0x220106,ai,-1,256,,7E4
00R 220106 aj,06 aj,0x220106,aj,-1,256,,7E4
00R 220106 ak,06 ak,0x220106,ak,-1,256,,7E4
00R 220106 al,06 al,0x220106,al,-1,256,,7E4
